Threads,Run1,Run2,Run3,Run4,Run5,Average
2,1.758049726486206,1.7396776676177979,1.7240569591522217,1.7303898334503174,1.7606630325317383,1.7425674438476562
4,0.883347749710083,0.8816242218017578,0.8917450904846191,0.8775615692138672,0.8946218490600586,0.8857800960540771
8,0.46800899505615234,0.45862340927124023,0.4622828960418701,0.4534132480621338,0.4669790267944336,0.46186151504516604
16,0.2689204216003418,0.26955556869506836,0.2728137969970703,0.2751293182373047,0.2723090648651123,0.2717456340789795
