Threads,Run1,Run2,Run3,Run4,Run5,Average
2,1.737273665,1.759351350,1.763644603,1.737364409,1.762110805,1.75194896640000000000
4,.884315480,.878137717,.881640322,.887202698,.885810743,.88342139200000000000
8,.455356179,.459697432,.444494987,.449350555,.459250867,.45363000400000000000
16,.275495524,.275010623,.280989867,.281779621,.289859727,.28062707240000000000
32,.312942556,.310003390,.309616275,.315462221,.307617194,.31112832720000000000
