Threads,Run1,Run2,Run3,Run4,Run5,Average
2,0.93,0.94,0.81,0.85,0.85,.87600000000000000000
4,2.61,2.45,2.48,2.68,2.89,2.62200000000000000000
8,5.32,5.66,5.62,5.66,5.79,5.61000000000000000000
16,11.16,11.26,11.24,11.24,10.98,11.17600000000000000000
32,21.10,20.94,20.73,21.15,21.16,21.01600000000000000000
