Threads,Run1,Run2,Run3,Run4,Run5,Average
2,2.84,4.59,6.05,2.64,2.19,3.66200000000000000000
4,6.26,6.23,5.59,7.55,8.63,6.85200000000000000000
8,10.78,10.51,9.18,9.34,9.21,9.80400000000000000000
16,25.69,22.13,25.22,23.46,26.83,24.66600000000000000000
32,40.47,37.32,37.50,37.29,38.86,38.28800000000000000000
