Threads,Run1,Run2,Run3,Run4,Run5,Average
2,0.83,0.81,0.83,0.87,0.81,.83000000000000000000
4,2.22,2.53,2.55,2.59,2.68,2.51400000000000000000
8,6.04,5.45,5.52,5.47,5.43,5.58200000000000000000
16,11.10,11.32,11.08,11.26,11.11,11.17400000000000000000
32,20.46,20.35,20.66,21.19,20.74,20.68000000000000000000
