Threads,Run1,Run2,Run3,Run4,Run5,Average
2,0.82,0.79,0.85,0.82,0.86,.82800000000000000000
4,2.53,2.45,2.72,2.50,2.50,2.54000000000000000000
8,6.23,6.64,6.34,6.32,5.87,6.28000000000000000000
16,11.15,11.43,11.46,11.70,11.40,11.42800000000000000000
32,21.20,21.22,21.41,21.13,21.36,21.26400000000000000000
