Threads,Run1,Run2,Run3,Run4,Run5,Average
2,1.336139917,1.403567423,1.368937521,1.367408515,1.512632517,1.39773717860000000000
4,4.073135348,4.230569977,4.235616564,4.425952206,4.003063460,4.19366751100000000000
8,7.917158607,7.945228562,8.042513024,7.978782702,7.943700046,7.96547658820000000000
16,14.348716260,14.031624565,14.640000077,14.534110981,14.407317650,14.39235390660000000000
32,26.751673919,27.253625377,27.080643833,27.330080310,26.890908941,27.06138647600000000000
