Threads,Run1,Run2,Run3,Run4,Run5,Average
2,0.85,0.85,0.83,0.92,0.79,.84800000000000000000
4,2.45,2.66,2.56,2.57,2.43,2.53400000000000000000
8,5.85,6.13,6.28,6.58,6.20,6.20800000000000000000
16,11.67,11.88,11.92,11.72,11.93,11.82400000000000000000
32,22.36,22.59,22.66,22.71,22.34,22.53200000000000000000
