Threads,Run1,Run2,Run3,Run4,Run5,Average
2,2.03,2.00,2.00,2.00,2.02,2.01000000000000000000
4,1.17,1.25,1.17,1.16,1.16,1.18200000000000000000
8,0.78,1.04,0.89,0.92,0.81,.88800000000000000000
16,0.92,1.01,1.11,0.98,0.95,.99400000000000000000
32,1.03,1.14,1.17,1.16,1.07,1.11400000000000000000
