Threads,Run1,Run2,Run3,Run4,Run5,Average
2,2.07,2.02,2.04,2.03,2.02,2.03600000000000000000
4,1.18,1.15,1.11,1.14,1.15,1.14600000000000000000
8,0.89,0.98,0.85,0.87,0.83,.88400000000000000000
16,1.01,1.09,1.04,0.94,0.96,1.00800000000000000000
32,1.22,1.07,1.15,1.05,1.09,1.11600000000000000000
