Threads,Run1,Run2,Run3,Run4,Run5,Average
2,2.09,2.05,2.23,2.15,2.04,2.11200000000000000000
4,1.16,1.15,1.13,1.15,1.12,1.14200000000000000000
8,1.08,1.16,1.00,0.72,0.83,.95800000000000000000
16,1.11,0.98,1.37,1.32,1.35,1.22600000000000000000
32,1.41,1.41,1.37,1.34,1.37,1.38000000000000000000
